PLAYER,TEAM,MIN,Cut Scoring Percentile,Off Screen Scoring Percentile
Doug McDermott,IND,1372.0,0.868,0.995
Matt Thomas,TOR,436.0,0.187,1.0
Joe Harris,BKN,2123.0,0.607,0.982
Landry Shamet,LAC,1452.0,0.174,0.977
JJ Redick,NOP,1581.0,0.26,0.991
Damion Lee,GSW,1423.0,0.594,0.968
Terrence Ross,ORL,1889.0,0.237,0.986
Davis Bertans,WAS,1583.0,0.557,0.954
Duncan Robinson,MIA,2128.0,0.534,0.959
Mikal Bridges,PHX,2010.0,0.995,0.324
Buddy Hield,SAC,2192.0,0.402,0.963
Glenn Robinson III,PHI,1786.0,0.918,0.909
Justin Holiday,IND,1826.0,0.566,0.936
Rondae Hollis-Jefferson,TOR,1116.0,1.0,0.027
Devin Booker,PHX,2512.0,0.909,0.895
Pat Connaughton,MIL,1234.0,0.973,0.493
Jamal Murray,DEN,1903.0,0.941,0.79
D'Angelo Russell,MIN,1452.0,0.53,0.941
Bradley Beal,WAS,2053.0,0.795,0.913
Gordon Hayward,BOS,1740.0,0.854,0.822
Kyle Korver,MIL,942.0,0.037,0.973
Michael Porter Jr.,DEN,903.0,0.982,0.548
Ben Simmons,PHI,2017.0,0.986,0.21
Evan Fournier,ORL,2076.0,0.516,0.927
Derrick Jones Jr.,MIA,1350.0,0.991,0.247
CJ McCollum,POR,2518.0,0.507,0.868
Bogdan Bogdanovic,SAC,1736.0,0.548,0.881
Brandon Ingram,NOP,2062.0,0.721,0.744
Andrew Wiggins,GSW,1859.0,0.922,0.703
E'Twaun Moore,NOP,1004.0,0.009,0.918
Paul George,LAC,1419.0,0.196,0.95
T.J. Warren,IND,2202.0,0.913,0.795
Jimmy Butler,MIA,1959.0,0.963,0.466
Tyler Herro,MIA,1508.0,0.37,0.89
Svi Mykhailiuk,DET,1253.0,0.233,0.904
Bojan Bogdanovic,UTA,2083.0,0.256,0.932
Fred VanVleet,TOR,1928.0,0.502,0.849
Khris Middleton,MIL,1818.0,0.685,0.785
Cameron Johnson,PHX,1223.0,0.58,0.708
Jordan Poole,GSW,1274.0,0.269,0.945
Zach LaVine,CHI,2085.0,0.817,0.763
Justin Jackson,DAL,1024.0,0.753,0.831
Maurice Harkless,NYK,1427.0,0.977,0.228
Danny Green,LAL,1687.0,0.589,0.717
Kemba Walker,BOS,1742.0,0.397,0.9
Malik Monk,CHA,1136.0,0.562,0.836
Terry Rozier,CHA,2127.0,0.361,0.872
Rodions Kurucs,BKN,684.0,0.959,0.105
Kawhi Leonard,LAC,1848.0,0.47,0.858
Lonzo Ball,NOP,1985.0,0.539,0.53
Marco Belinelli,SAS,875.0,0.635,0.804
Norman Powell,TOR,1436.0,0.626,0.84
Torrey Craig,DEN,1072.0,0.968,0.256
George Hill,MIL,1247.0,0.932,0.347
Tyler Johnson,BKN,694.0,0.831,0.516
Luke Kennard,DET,888.0,0.676,0.667
Bryn Forbes,SAS,1563.0,0.055,0.845
Terence Davis,TOR,1203.0,0.731,0.607
DeMar DeRozan,SAS,2282.0,0.694,0.781
Langston Galloway,DET,1682.0,0.005,0.922
Bruce Brown,DET,1612.0,0.936,0.059
Jerami Grant,DEN,1892.0,0.954,0.292
Devonte' Graham,CHA,2179.0,0.347,0.749
Monte Morris,DEN,1637.0,0.886,0.397
Timothe Luwawu-Cabarrot,BKN,853.0,0.621,0.553
Tobias Harris,PHI,2469.0,0.785,0.699
Spencer Dinwiddie,BKN,1994.0,0.543,0.753
Rodney McGruder,LAC,871.0,0.927,0.05
Kenrich Williams,NOP,832.0,0.877,0.169
Malik Beasley,MIN,1209.0,0.584,0.735
Markelle Fultz,ORL,1996.0,0.89,0.416
Patty Mills,SAS,1453.0,0.059,0.886
Wesley Matthews,MIL,1617.0,0.525,0.813
Derrick White,SAS,1655.0,0.511,0.475
Furkan Korkmaz,PHI,1559.0,0.311,0.776
Tomas Satoransky,CHI,1878.0,0.74,0.379
Troy Brown Jr.,WAS,1782.0,0.895,0.311
Keita Bates-Diop,DEN,744.0,0.95,0.068
Kendrick Nunn,MIA,1935.0,0.662,0.772
Ja Morant,MEM,2074.0,0.708,0.557
Kyrie Irving,BKN,658.0,0.767,0.507
Reggie Bullock,NYK,684.0,0.712,0.817
Jrue Holiday,NOP,2080.0,0.703,0.438
Jerome Robinson,WAS,979.0,0.1,0.877
Shake Milton,PHI,805.0,0.671,0.511
Goran Dragic,MIA,1632.0,0.717,0.461
James Ennis III,ORL,1266.0,0.945,0.064
Collin Sexton,CLE,2143.0,0.758,0.58
Patrick Beverley,LAC,1342.0,0.183,0.178
Tony Snell,DET,1613.0,0.247,0.854
Ky Bowman,GSW,1015.0,0.616,0.644
Josh Richardson,PHI,1693.0,0.438,0.767
Grayson Allen,MEM,718.0,0.027,0.731
Robert Covington,HOU,2137.0,0.603,0.562
Jordan Clarkson,UTA,1705.0,0.406,0.648
Jayson Tatum,BOS,2265.0,0.575,0.758
Harrison Barnes,SAC,2448.0,0.735,0.384
Donte DiVincenzo,MIL,1495.0,0.849,0.333
Eric Bledsoe,MIL,1615.0,0.68,0.502
Luka Doncic,DAL,1973.0,0.475,0.653
Mike Conley,UTA,1363.0,0.119,0.689
D.J. Augustin,ORL,1420.0,0.466,0.589
Kyle Kuzma,LAL,1526.0,0.648,0.479
Kyle Lowry,TOR,2063.0,0.356,0.826
Kelly Oubre Jr.,PHX,1893.0,0.84,0.425
Malcolm Brogdon,IND,1666.0,0.653,0.498
DeAndre' Bembry,ATL,915.0,0.904,0.046
Tim Hardaway Jr.,DAL,2027.0,0.224,0.799
Dennis Schroder,OKC,1999.0,0.612,0.566
Garrett Temple,BKN,1730.0,0.274,0.694
Ben McLemore,HOU,1619.0,0.283,0.671
Alec Burks,PHI,1754.0,0.63,0.68
Jarrett Culver,MIN,1506.0,0.813,0.37
Ricky Rubio,PHX,1979.0,0.42,0.041
Josh Hart,NOP,1742.0,0.014,0.543
Semi Ojeleye,BOS,1011.0,0.447,0.032
Derrick Rose,DET,1272.0,0.393,0.626
Trae Young,ATL,2120.0,0.023,0.489
OG Anunoby,TOR,2027.0,0.881,0.269
LeBron James,LAL,2316.0,0.667,0.63
Cory Joseph,SAC,1742.0,0.644,0.151
Elfrid Payton,NYK,1246.0,0.863,0.16
Dorian Finney-Smith,DAL,2079.0,0.808,0.265
Donovan Mitchell,UTA,2364.0,0.452,0.662
Russell Westbrook,HOU,2049.0,0.553,0.434
Abdel Nader,OKC,867.0,0.265,0.74
Michael Carter-Williams,ORL,833.0,0.772,0.128
Jonathan Isaac,ORL,980.0,0.763,0.132
Will Barton,DEN,1916.0,0.836,0.274
Joe Ingles,UTA,2137.0,0.123,0.808
Damian Lillard,POR,2436.0,0.297,0.598
Damyean Dotson,NYK,836.0,0.137,0.863
Patrick McCaw,TOR,891.0,0.858,0.155
Danilo Gallinari,OKC,1834.0,0.384,0.575
Dejounte Murray,SAS,1656.0,0.457,0.091
Darius Garland,CLE,1824.0,0.306,0.639
Cody Martin,CHA,903.0,0.79,0.393
Caris LeVert,BKN,1330.0,0.749,0.306
Kevin Huerter,ATL,1760.0,0.329,0.612
Delon Wright,DAL,1545.0,0.699,0.174
Hamidou Diallo,OKC,896.0,0.872,0.164
Jaylen Brown,BOS,1934.0,0.352,0.621
Seth Curry,DAL,1505.0,0.164,0.676
Alex Caruso,LAL,1175.0,0.799,0.119
Treveon Graham,ATL,929.0,0.744,0.142
Luguentz Dort,OKC,820.0,0.9,0.137
Jae Crowder,MIA,1840.0,0.32,0.685
Isaac Bonga,WAS,1250.0,0.845,0.183
Ryan Arcidiacono,CHI,930.0,0.461,0.096
Lou Williams,LAC,1864.0,0.388,0.616
T.J. McConnell,IND,1326.0,0.781,0.123
Avery Bradley,LAL,1186.0,0.658,0.521
Taurean Prince,BKN,1857.0,0.219,0.721
De'Anthony Melton,MEM,1167.0,0.726,0.356
Royce O'Neale,UTA,2049.0,0.342,0.055
Kyle Anderson,MEM,1330.0,0.822,0.114
De'Aaron Fox,SAC,1604.0,0.365,0.342
Marcus Smart,BOS,1919.0,0.484,0.484
Anfernee Simons,POR,1449.0,0.416,0.452
Sterling Brown,MIL,767.0,0.425,0.429
Kentavious Caldwell-Pope,LAL,1762.0,0.443,0.584
Marcus Morris Sr.,LAC,1936.0,0.228,0.726
Isaiah Thomas,WAS,925.0,0.11,0.539
Jeff Green,HOU,960.0,0.826,0.11
Josh Okogie,MIN,1547.0,0.804,0.009
Jeremy Lamb,IND,1291.0,0.374,0.571
Frank Jackson,NOP,776.0,0.242,0.534
De'Andre Hunter,ATL,2018.0,0.288,0.352
Kevin Knox II,NYK,1166.0,0.315,0.635
Georges Niang,UTA,923.0,0.128,0.301
RJ Barrett,NYK,1704.0,0.521,0.411
Kent Bazemore,SAC,1661.0,0.489,0.288
Dillon Brooks,MEM,2112.0,0.251,0.712
Kevin Porter Jr.,CLE,1162.0,0.776,0.023
Elie Okobo,PHX,703.0,0.142,0.201
Wes Iwundu,ORL,953.0,0.689,0.146
Brad Wanamaker,BOS,1369.0,0.493,0.32
Ish Smith,WAS,1787.0,0.105,0.196
Jalen Brunson,DAL,1007.0,0.16,0.594
Coby White,CHI,1674.0,0.192,0.47
Miles Bridges,CHA,1976.0,0.498,0.279
Wilson Chandler,BKN,734.0,0.146,0.406
Allen Crabbe,MIN,653.0,0.087,0.603
Solomon Hill,MIA,1088.0,0.379,0.365
James Harden,HOU,2483.0,0.338,0.361
Eric Gordon,HOU,1016.0,0.279,0.658
Trevor Ariza,POR,1453.0,0.333,0.525
Gary Harris,DEN,1780.0,0.639,0.338
Danuel House Jr.,HOU,1913.0,0.571,0.005
Shai Gilgeous-Alexander,OKC,2428.0,0.411,0.283
Tyus Jones,MEM,1232.0,0.078,0.457
Matisse Thybulle,PHI,1287.0,0.324,0.402
Lonnie Walker IV,SAS,967.0,0.434,0.037
Frank Ntilikina,NYK,1187.0,0.151,0.224
Rudy Gay,SAS,1429.0,0.292,0.315
Cam Reddish,ATL,1551.0,0.429,0.014
Kris Dunn,CHI,1269.0,0.178,0.187
Rodney Hood,POR,619.0,0.041,0.205
Aaron Holiday,IND,1617.0,0.155,0.329
Markieff Morris,LAL,1171.0,0.598,0.018
Terrance Ferguson,OKC,1257.0,0.301,0.42
Jevon Carter,PHX,945.0,0.082,0.242
Emmanuel Mudiay,UTA,850.0,0.132,0.192
Mario Hezonja,POR,866.0,0.479,0.1
Raul Neto,PHI,668.0,0.169,0.251
Shabazz Napier,WAS,1344.0,0.096,0.297
Reggie Jackson,LAC,743.0,0.201,0.087
Gary Trent Jr.,POR,1299.0,0.046,0.374
Jordan McRae,DET,785.0,0.032,0.443
Matthew Dellavedova,CLE,821.0,0.064,0.215
Darius Bazley,OKC,1129.0,0.018,0.237
Dwayne Bacon,CHA,687.0,0.114,0.447
Vince Carter,ATL,876.0,0.05,0.388
Rajon Rondo,LAL,984.0,0.205,0.082
Austin Rivers,HOU,1594.0,0.091,0.219
Chris Paul,OKC,2208.0,0.21,0.078
Jeff Teague,ATL,1464.0,0.073,0.26
Carmelo Anthony,POR,1869.0,0.215,0.073
Cedi Osman,CLE,1910.0,0.068,0.233
