PLAYER,TEAM,MIN,AST per game,Opt. AST per game,AST per 75 poss,Opt. AST per 75 poss,Passing Production Rating Percentile,Positional P.P.R. Percentile
LeBron James,LAL,2316,10.21,12.96,10.71,13.6,1.0,1.0
Joe Ingles,UTA,2137,5.18,6.85,6.43,8.51,0.894,0.991
Giannis Antetokounmpo,MIL,1885,5.61,7.61,6.32,8.55,0.884,0.983
Jimmy Butler,MIA,1959,6.03,7.83,6.63,8.6,0.875,0.974
DeMar DeRozan,SAS,2282,5.63,7.48,5.96,7.97,0.866,0.966
Kawhi Leonard,LAC,1848,4.91,6.7,5.51,7.52,0.853,0.957
Khris Middleton,MIL,1818,4.28,5.63,4.92,6.47,0.791,0.948
Paul George,LAC,1419,3.85,5.26,4.68,6.39,0.781,0.94
Cody Martin,CHA,903,1.98,2.93,3.97,5.88,0.75,0.931
Luke Kennard,DET,888,4.11,5.24,4.63,5.9,0.741,0.922
Brandon Ingram,NOP,2062,4.18,5.85,4.27,5.98,0.738,0.914
Gordon Hayward,BOS,1740,4.08,5.45,4.37,5.84,0.734,0.905
Kevin Huerter,ATL,1760,3.8,5.08,4.27,5.7,0.728,0.897
Bogdan Bogdanovic,SAC,1736,3.42,4.32,4.33,5.52,0.712,0.888
Kyle Anderson,MEM,1330,2.42,3.01,4.3,5.36,0.709,0.879
Andrew Wiggins,GSW,1859,3.67,5.23,3.79,5.4,0.697,0.871
Evan Fournier,ORL,2076,3.17,4.32,3.7,5.06,0.688,0.862
Will Barton,DEN,1916,3.66,4.6,4.12,5.19,0.681,0.853
Rondae Hollis-Jefferson,TOR,1116,1.78,2.49,3.44,4.84,0.666,0.845
Terence Davis,TOR,1203,1.62,2.21,3.43,4.76,0.653,0.836
Josh Richardson,PHI,1693,2.95,4.0,3.52,4.78,0.647,0.828
Damion Lee,GSW,1423,2.71,3.68,3.34,4.52,0.634,0.819
Donte DiVincenzo,MIL,1495,2.34,3.04,3.49,4.54,0.625,0.81
Troy Brown Jr.,WAS,1782,2.58,3.3,3.52,4.5,0.622,0.802
Royce O'Neale,UTA,2049,2.54,3.37,3.25,4.31,0.609,0.793
Tobias Harris,PHI,2469,3.15,4.18,3.39,4.5,0.603,0.784
Dwayne Bacon,CHA,687,1.33,2.05,2.84,4.37,0.6,0.776
Garrett Temple,BKN,1730,2.52,3.39,3.22,4.33,0.597,0.767
Kevin Porter Jr.,CLE,1162,2.18,2.72,3.47,4.33,0.588,0.759
Solomon Hill,MIA,1088,1.76,2.16,3.4,4.16,0.584,0.75
Svi Mykhailiuk,DET,1253,1.91,2.56,3.08,4.16,0.581,0.741
Jayson Tatum,BOS,2265,3.03,4.06,3.22,4.32,0.578,0.733
DeAndre' Bembry,ATL,915,1.88,2.6,3.1,4.28,0.575,0.724
Pat Connaughton,MIL,1234,1.61,2.19,3.0,4.12,0.569,0.716
Patrick McCaw,TOR,891,2.17,2.82,3.14,4.15,0.566,0.707
Cedi Osman,CLE,1910,2.37,3.26,2.95,4.06,0.556,0.698
Tony Snell,DET,1613,2.19,2.93,2.89,3.94,0.553,0.69
RJ Barrett,NYK,1704,2.55,3.34,3.06,4.01,0.541,0.681
Jae Crowder,MIA,1840,2.47,3.11,3.06,3.84,0.534,0.672
Joe Harris,BKN,2123,2.09,3.24,2.42,3.75,0.519,0.664
Jarrett Culver,MIN,1506,1.75,2.64,2.56,3.86,0.512,0.655
Kenrich Williams,NOP,832,1.46,2.12,2.44,3.54,0.491,0.647
E'Twaun Moore,NOP,1004,1.4,1.84,2.71,3.58,0.481,0.638
Grayson Allen,MEM,718,1.37,1.9,2.53,3.52,0.478,0.629
Jeremy Lamb,IND,1291,2.09,2.66,2.75,3.5,0.466,0.621
Marco Belinelli,SAS,875,1.23,1.45,2.77,3.33,0.453,0.612
Rudy Gay,SAS,1429,1.68,2.05,2.76,3.33,0.431,0.603
Malik Beasley,MIN,1209,1.36,2.02,2.21,3.29,0.428,0.595
Lonnie Walker IV,SAS,967,1.12,1.48,2.49,3.31,0.425,0.586
Markieff Morris,LAL,1171,1.33,1.79,2.37,3.2,0.416,0.578
Josh Okogie,MIN,1547,1.6,2.28,2.23,3.18,0.412,0.569
Wes Iwundu,ORL,953,1.15,1.6,2.32,3.21,0.409,0.56
Tim Hardaway Jr.,DAL,2027,1.93,2.64,2.36,3.23,0.406,0.552
Isaac Bonga,WAS,1250,1.15,1.66,2.17,3.14,0.397,0.543
Bojan Bogdanovic,UTA,2083,2.08,2.85,2.31,3.16,0.394,0.534
Mikal Bridges,PHX,2010,1.74,2.42,2.25,3.09,0.391,0.526
Danilo Gallinari,OKC,1834,1.92,2.55,2.38,3.17,0.384,0.517
Miles Bridges,CHA,1976,1.78,2.5,2.17,3.09,0.378,0.509
Harrison Barnes,SAC,2448,2.2,2.93,2.33,3.08,0.375,0.5
Kyle Korver,MIL,942,1.14,1.45,2.4,2.98,0.372,0.491
Matisse Thybulle,PHI,1287,1.22,1.61,2.24,2.96,0.369,0.483
Taurean Prince,BKN,1857,1.81,2.47,2.24,3.05,0.356,0.474
Sterling Brown,MIL,767,0.98,1.3,2.29,3.04,0.344,0.466
Trevor Ariza,POR,1453,1.65,2.26,2.22,2.92,0.341,0.457
Josh Hart,NOP,1742,1.66,2.27,2.16,2.95,0.338,0.448
Jaylen Brown,BOS,1934,2.07,2.76,2.24,2.99,0.334,0.44
Kentavious Caldwell-Pope,LAL,1762,1.61,2.06,2.26,2.9,0.328,0.431
Reggie Bullock,NYK,684,1.45,1.86,2.26,2.91,0.325,0.422
De'Andre Hunter,ATL,2018,1.78,2.55,1.96,2.81,0.312,0.414
Wilson Chandler,BKN,734,1.11,1.62,1.92,2.79,0.3,0.405
Rodney Hood,POR,619,1.52,2.31,1.84,2.78,0.297,0.397
Eric Gordon,HOU,1016,1.5,2.25,1.82,2.74,0.288,0.388
Dorian Finney-Smith,DAL,2079,1.61,2.19,1.98,2.7,0.284,0.379
Cameron Johnson,PHX,1223,1.2,1.65,1.96,2.67,0.281,0.371
Doug McDermott,IND,1372,1.13,1.46,2.05,2.65,0.275,0.362
Glenn Robinson III,PHI,1786,1.55,2.11,1.95,2.66,0.262,0.353
Cam Reddish,ATL,1551,1.5,2.05,1.96,2.68,0.259,0.345
OG Anunoby,TOR,2027,1.59,2.17,1.88,2.61,0.25,0.336
Jeff Green,HOU,960,1.04,1.47,1.85,2.61,0.244,0.328
Mario Hezonja,POR,866,0.94,1.26,2.04,2.72,0.241,0.319
Allen Crabbe,MIN,653,0.89,1.28,1.76,2.51,0.231,0.31
Furkan Korkmaz,PHI,1559,1.1,1.51,1.83,2.52,0.225,0.302
Kyle Kuzma,LAL,1526,1.31,1.79,1.87,2.55,0.222,0.293
Justin Jackson,DAL,1024,0.8,1.1,1.82,2.49,0.219,0.284
Wesley Matthews,MIL,1617,1.38,1.73,1.93,2.43,0.209,0.276
Vince Carter,ATL,876,0.8,1.03,1.92,2.47,0.206,0.267
James Ennis III,ORL,1266,0.91,1.23,1.81,2.43,0.203,0.259
Kevin Knox II,NYK,1166,0.94,1.22,1.89,2.45,0.2,0.25
Danny Green,LAL,1687,1.34,1.7,1.92,2.44,0.197,0.241
Maurice Harkless,NYK,1427,1.1,1.55,1.7,2.41,0.194,0.233
Justin Holiday,IND,1826,1.27,1.65,1.84,2.39,0.181,0.224
Kent Bazemore,SAC,1661,1.37,1.7,1.98,2.45,0.178,0.216
Jonathan Isaac,ORL,980,1.41,1.9,1.79,2.41,0.169,0.207
Duncan Robinson,MIA,2128,1.38,1.85,1.74,2.31,0.156,0.198
Jerami Grant,DEN,1892,1.24,1.64,1.73,2.3,0.141,0.19
Georges Niang,UTA,923,0.67,0.88,1.74,2.3,0.138,0.181
Treveon Graham,ATL,929,0.82,1.07,1.74,2.28,0.134,0.172
Danuel House Jr.,HOU,1913,1.35,1.93,1.56,2.23,0.131,0.164
Derrick Jones Jr.,MIA,1350,1.07,1.38,1.69,2.21,0.125,0.155
Michael Porter Jr.,DEN,903,0.84,1.01,1.86,2.23,0.116,0.147
Terrence Ross,ORL,1889,1.19,1.65,1.59,2.2,0.112,0.138
Abdel Nader,OKC,867,0.69,0.92,1.59,2.12,0.103,0.129
Marcus Morris Sr.,LAC,1936,1.39,1.83,1.65,2.17,0.1,0.121
Torrey Craig,DEN,1072,0.81,1.02,1.67,2.11,0.097,0.112
Terrance Ferguson,OKC,1257,0.91,1.23,1.52,2.06,0.094,0.103
T.J. Warren,IND,2202,1.48,1.91,1.66,2.14,0.088,0.095
Gary Trent Jr.,POR,1299,1.02,1.26,1.65,2.08,0.081,0.086
Carmelo Anthony,POR,1869,1.46,1.88,1.63,2.09,0.078,0.078
Robert Covington,HOU,2137,1.26,1.76,1.45,2.03,0.069,0.069
Kelly Oubre Jr.,PHX,1893,1.55,1.97,1.57,2.04,0.066,0.06
Keita Bates-Diop,DEN,744,0.68,0.94,1.44,1.98,0.062,0.052
Hamidou Diallo,OKC,896,0.78,1.06,1.45,1.97,0.059,0.043
Darius Bazley,OKC,1129,0.67,0.94,1.33,1.86,0.044,0.034
Timothe Luwawu-Cabarrot,BKN,853,0.62,0.94,1.2,1.84,0.038,0.026
Semi Ojeleye,BOS,1011,0.54,0.68,1.35,1.72,0.034,0.017
Luguentz Dort,OKC,820,0.75,0.92,1.22,1.5,0.012,0.009
